epoch,step,val/loss,val/pauroc,val/psds1,val/psds1_macro_averaged
0,0,0.1873414860485526,0.6947228908538818,0.23880109190940857,0.30636340379714966
