epoch,step,val/loss,val/pauroc,val/psds1,val/psds1_macro_averaged
0,0,0.18734046212082425,0.6947241425514221,0.23878978192806244,0.30635780096054077
